ID,Questions,Answers
1,"What is DNA? What is the genetic material of most living organisms? What is the molecular basis of heredity? What is the fundamental molecule that stores genetic information? What is the primary carrier of genetic instructions in cells? What is the code that governs the characteristics of an organism? What is the biological molecule that resembles a twisted ladder? What is the chemical compound responsible for inheritance? What is the molecule that contains the instructions for life? What is the molecule that passes traits from parents to offspring? What is the long, thread-like molecule found in cell nuclei? What is the molecule that carries the genetic code? What is the basis for the diversity of life on Earth? What is the molecule that determines our unique traits? What is the informational molecule of life? What is the molecule that enables species to evolve? What is the core molecule of genetics?","DNA, or deoxyribonucleic acid, is the fundamental molecule of life. It is a double-helix structure found in the cells of all living organisms, containing the genetic instructions necessary for growth, development, and functioning. DNA is composed of four chemical bases adenine (A), thymine (T), cytosine (C), and guanine (G)Ã‘arranged in unique sequences along its strands. These sequences encode genes, which provide instructions for building proteins, the essential components of cells. DNA is central to heredity, passing genetic information from parents to offspring, determining traits, and enabling species' diversity. Understanding DNA has revolutionized fields like genetics and biotechnology, profoundly impacting science, medicine, and our understanding of life itself."
2,"What is a skeleton? What is the main purpose of a skeleton?Is a skeleton found only in humans?How does a skeleton help support the body?What are the parts of a skeleton called?Are bones a part of the skeleton?Can you name some animals with skeletons?What does a skeleton do for animals?How does a skeleton protect vital organs?What does a skeleton feel like when you touch it?How do skeletons help animals move?Can you see a skeleton in your body?What is the difference between an exoskeleton and an endoskeleton?Why do some animals, like insects, have exoskeletons?What happens if a bone in your skeleton breaks?How many bones are there in a human skeleton?Do all animals have the same number of bones in their skeletons?Are teeth considered part of the skeleton?What materials are skeletons made of?Can you name some functions of the human skeleton?","A skeleton is the internal framework of an organism, providing support, shape, and protection to its body. In vertebrates, such as humans, the skeleton consists of bones and cartilage, forming a complex and dynamic system. Beyond its structural role, the skeleton serves several crucial functions, including facilitating movement by providing attachment points for muscles, protecting vital organs, like the brain and heart, and serving as a reservoir for minerals like calcium and phosphorus. Additionally, the skeleton plays a role in blood cell production within the bone marrow. In simpler organisms, like insects, a skeleton may be composed of chitin or other materials, but its primary function remains the same: providing structural integrity and enabling physical activity."
3,"How would you define the concept of evolution in biology? What does the theory of evolution seek to explain? Can you explain the mechanism of natural selection in evolution? Why is genetic variation important in the process of evolution? What role do mutations play in the evolutionary process? How does adaptation relate to the theory of evolution? What are some key pieces of evidence supporting the theory of evolution? Who is Charles Darwin, and what is his contribution to our understanding of evolution? What is speciation, and how does it occur in the context of evolution? How does evolution contribute to the diversity of life on Earth? Can you provide examples of evolution occurring in the natural world? How do fossils provide insights into the history of evolution? What is convergent evolution, and can you give examples? How does environmental change influence the process of evolution? What is the difference between microevolution and macroevolution? What are some common misconceptions about the theory of evolution? How does comparative anatomy help us understand evolutionary relationships? What is the significance of the fossil record in the study of evolution? How do scientists use molecular biology techniques to investigate evolutionary history? What are the ethical implications of understanding evolution for human society?","Evolution is the fundamental process that drives the diversity and adaptation of life on Earth over vast stretches of time. It refers to the gradual, genetic change in species over generations, leading to the development of new traits and species. This process is primarily powered by mechanisms such as natural selection, genetic mutation, genetic drift, and gene flow. Evolution explains how all living organisms, from bacteria to humans, share common ancestry, and how species have adapted to their environments and diversified into the multitude of forms we see today. It is a cornerstone of modern biology, offering profound insights into the history and interconnectedness of life and providing a framework for understanding the complex web of biodiversity."
4,"What harm can microorganisms cause to human health? How do microorganisms contribute to the spread of infectious diseases? What is the impact of bacteria on food spoilage? Can microorganisms contaminate drinking water sources? What role do viruses play in causing illnesses? How can fungi negatively affect crops and agricultural production? Do microorganisms contribute to environmental pollution? Are there microorganisms that harm aquatic ecosystems? What are the consequences of microbial biofouling in industries? How do pathogens develop antibiotic resistance? What is the role of microorganisms in dental decay? Can microorganisms lead to the deterioration of historic artifacts? How do microorganisms contribute to foul odors in waste management? What negative effects can microbes have on the quality of indoor air? Are there microorganisms that damage building materials and infrastructure? What is the connection between microorganisms and respiratory infections? Do microorganisms play a role in allergic reactions and asthma? How can microbial contamination impact pharmaceutical and medical devices? What is the role of microorganisms in soil degradation? Can microorganisms harm wildlife and ecosystems?","Microorganisms can have several negative effects on humans and the environment. They are responsible for various diseases, ranging from minor infections to life-threatening illnesses. Bacteria, viruses, and fungi can cause widespread epidemics, leading to significant human suffering and economic losses. Microbes can also spoil food, making it inedible and potentially harmful if consumed. Additionally, certain microorganisms contribute to environmental issues, such as the decomposition of organic matter, leading to the release of foul-smelling gases and pollutants. Some bacteria produce toxins that harm plants and animals, affecting agriculture and ecosystems. Overall, while microorganisms play essential roles in nature, their harmful effects underscore the importance of hygiene, sanitation, and disease control measures."
5,"What is photosynthesis, and how does it work in plants? Explain the process of photosynthesis in plants. How do plants convert light energy into chemical energy? What is the role of chlorophyll in photosynthesis? Can you describe the chemical reactions involved in photosynthesis? What are the products of photosynthesis, and where do they go? What factors affect the rate of photosynthesis in plants? What is the significance of photosynthesis for the food chain? How does photosynthesis contribute to oxygen production? What happens to carbon dioxide during photosynthesis? How do C3, C4, and CAM plants differ in their photosynthetic processes? What are the main stages of photosynthesis? How do environmental factors like temperature and light intensity impact photosynthesis? Describe the role of water in photosynthesis. How do plants store energy produced through photosynthesis? What adaptations have evolved in plants to optimize photosynthesis? What is the relationship between photosynthesis and respiration in plants? Can photosynthesis occur in the absence of sunlight? What is the evolutionary history of photosynthesis in plants? How do aquatic plants carry out photosynthesis underwater?","Photosynthesis is the vital biological process by which plants, algae, and some bacteria convert sunlight, carbon dioxide, and water into glucose (energy-rich sugar) and oxygen. This process occurs in chloroplasts, where the pigment chlorophyll absorbs sunlight. Through a series of complex chemical reactions, carbon dioxide is reduced to produce glucose, providing energy for the organism. Oxygen is released as a byproduct, crucial for supporting life on Earth. Photosynthesis plays a pivotal role in the global carbon cycle, sustaining ecosystems and providing the foundation of the food chain by producing organic compounds that support all life forms."
6,"Explain the role of enzymes in biological processes. What are enzymes, and why are they essential for life? How do enzymes speed up chemical reactions? What is the lock-and-key model of enzyme-substrate interaction? Describe the factors that can influence enzyme activity. How do temperature and pH affect enzyme function? What is the significance of enzyme specificity? Give examples of enzymes and their respective substrates. How are enzymes used in various industries and applications? What happens when enzymes denature, and how does it affect reactions? What are cofactors and coenzymes, and how do they relate to enzymes? Explain the role of enzymes in digestion and nutrient absorption. What are allosteric enzymes, and how do they regulate metabolic pathways? How do competitive and non-competitive inhibitors affect enzymes? What role do enzymes play in cellular respiration and energy production? How are enzymes involved in DNA replication and repair? Can enzymes be engineered for specific functions in biotechnology? What are the implications of enzyme deficiencies in human health? Discuss the role of enzymes in the synthesis of biomolecules.","Enzymes are essential catalysts in biological processes, facilitating chemical reactions crucial for life. They accelerate reactions by lowering the activation energy required for a reaction to occur, enabling them to proceed at biologically relevant temperatures. Enzymes are highly specific, each designed to catalyze a particular reaction or group of reactions, ensuring precise regulation of metabolic pathways. They are vital in processes such as digestion, DNA replication, and energy production, ensuring the efficient breakdown of nutrients and the maintenance of cellular functions. Without enzymes, these processes would be too slow to sustain life, underscoring their central role in all biological systems."
7,"What are stem cells, and what potential applications do they have in medicine? What are the different types of stem cells found in the human body? Explain the concept of pluripotency and totipotency in stem cells. How are embryonic stem cells obtained, and what are their potential uses? Describe the process of stem cell differentiation. What are induced pluripotent stem cells (iPSCs), and how are they generated? What ethical considerations surround the use of stem cells in research? What role do stem cells play in regenerative medicine and tissue engineering? How are stem cells being utilized in the treatment of neurological disorders? What is the promise of stem cell therapy in treating heart diseases? Discuss the challenges and limitations of stem cell-based therapies. What are the risks associated with stem cell transplantation? How are stem cells involved in organ transplantation and repair? Can stem cells be used for gene therapy and genetic disorders? What role do stem cells have in cancer research and therapy? What is the current state of stem cell research in the field of immunology? How are stem cells contributing to our understanding of developmental biology? What are some ongoing clinical trials and breakthroughs in stem cell research? What is the potential impact of stem cells on personalized medicine?","Stem cells are undifferentiated cells with the remarkable ability to develop into various specialized cell types in the body. They can divide and renew themselves, making them essential for tissue repair and regeneration. In medicine, stem cells hold immense promise for a range of applications. They can be used to replace damaged or diseased tissues, such as in treating spinal cord injuries, heart disease, and diabetes. Additionally, they serve as valuable tools for studying diseases, drug testing, and personalized medicine. Stem cell therapies offer potential breakthroughs in treating numerous debilitating conditions, fostering the hope for innovative and more effective medical treatments."
8,"How does the immune system defend the body against pathogens? What is the role of the immune system in protecting against infections? Explain the difference between the innate and adaptive immune responses. How do white blood cells function in the immune system? What are antibodies, and how do they fight pathogens? Discuss the concept of immunological memory and vaccination. What happens during an immune response to a foreign invader? How do pathogens evade the immune system's defenses? What is the role of the lymphatic system in immunity? How do autoimmune diseases occur, and what are some examples? What are immunodeficiency disorders, and how do they affect the immune system? How are allergies and allergic reactions related to the immune system? What is the function of the complement system in immunity? Explain the process of phagocytosis in immune defense. How do immune checkpoints and immunotherapy relate to cancer treatment? What are the roles of T cells and B cells in adaptive immunity? How can pathogens develop resistance to the immune system? What is the significance of the mucosal immune system in the body's defense? How does the immune system interact with other bodily systems, such as the endocrine system? What are some recent advances in immunology research and therapies?","The immune system is a complex network of cells, tissues, and proteins that protects the body against pathogens, such as bacteria, viruses, and fungi. It detects and eliminates these invaders through various mechanisms. When a pathogen enters the body, immune cells like white blood cells identify and engulf it, destroying it with enzymes. The immune system also produces antibodies that specifically target pathogens, neutralizing them and preventing their spread. Memory cells are formed to recognize and respond faster upon future encounters with the same pathogen. This intricate defense system, comprising both innate and adaptive immunity, is crucial in maintaining the body's health and preventing infections."
9,"Describe the process of DNA replication. How does DNA replicate itself during cell division? What is the significance of DNA replication in inheritance and growth? Explain the role of DNA polymerase in replicating DNA strands. What are the key steps of DNA replication, and in what order do they occur? Discuss the function of DNA helicase in separating DNA strands. What is the role of DNA primase in initiating replication? How are Okazaki fragments involved in lagging strand replication? What is the difference between the leading and lagging strands in DNA replication? How are DNA replication errors corrected by proofreading enzymes? What is the role of DNA ligase in joining Okazaki fragments? Can DNA replication occur in both directions along the DNA strand? What are replication forks, and how do they relate to DNA replication? How does DNA replication ensure genetic fidelity and accuracy? What is the significance of DNA replication in maintaining genetic information? How do viruses hijack host cell machinery for DNA replication? Explain the semiconservative nature of DNA replication. What happens to telomeres during DNA replication, and why is it important? Discuss the implications of DNA replication in forensic science and biotechnology. What are some diseases related to DNA replication errors?","DNA replication is the essential biological process where a cell duplicates its genetic material to ensure accurate transmission of genetic information during cell division. It begins with the unwinding of the DNA double helix by enzymes like helicase. Each separated strand serves as a template for the synthesis of a complementary strand. DNA polymerase enzymes add nucleotide bases (A, T, C, G) to the growing strand according to base-pairing rules (A with T, and C with G). Primers provide a starting point, and DNA synthesis occurs in the 5' to 3' direction. Continuous leading strand synthesis contrasts with discontinuous lagging strand synthesis, forming Okazaki fragments. Ligase then connects the fragments, resulting in two identical DNA molecules."
10,"What is the difference between mitosis and meiosis in cell division? How do cells reproduce, and why is it important? Explain the purpose of mitosis and meiosis in multicellular organisms. What are the key similarities and differences between mitosis and meiosis? Describe the phases of mitosis and their significance. What is the outcome of mitosis in terms of chromosome number? Discuss the significance of mitosis in growth, repair, and asexual reproduction. How does meiosis contribute to genetic diversity in sexual reproduction? What are homologous chromosomes, and when do they pair during meiosis? Explain the process of crossing over and its role in meiosis. What is the significance of meiosis in gamete formation? How do errors in meiosis lead to genetic disorders like Down syndrome? Can you compare and contrast the products of mitosis and meiosis? What are the checkpoints and regulatory mechanisms in cell cycle control? How do mitosis and meiosis differ in terms of cell division frequency? What is the role of spindle fibers and centrioles in cell division? What happens to the nuclear envelope during mitosis and meiosis? How do mitotic and meiotic divisions contribute to embryonic development? Discuss the relevance of mitosis and meiosis in plant and animal biology. What are some real-world applications of understanding mitosis and meiosis?","Mitosis and meiosis are essential processes in cell division, each serving distinct purposes in organisms. Mitosis primarily contributes to growth, tissue repair, and asexual reproduction by dividing a parent cell into two identical daughter cells, maintaining the original chromosome count (diploid). In contrast, meiosis is specialized for sexual reproduction. It involves two sequential divisions, resulting in four non-identical daughter cells, each with half the number of chromosomes compared to the parent cell (haploid). This chromosome reduction ensures that when gametes (sperm and egg cells) fuse during fertilization, the resulting zygote possesses the correct diploid chromosome number. Furthermore, meiosis introduces genetic diversity through recombination, fostering variation in offspring, which is crucial for evolution and adaptation in populations."
11,"What are the major types of biomolecules, and what functions do they serve in living organisms? What are biomolecules, and why are they essential for life? Explain the classification of biomolecules into four major groups. How do carbohydrates function as an energy source in organisms? Discuss the structural roles of proteins in cells and tissues. What are nucleic acids, and what is their role in storing genetic information? Describe the functions of lipids in cell membranes and energy storage. How do vitamins and minerals contribute to biochemical processes in the body? Explain the importance of water as a vital biomolecule in living organisms. What are macromolecules, and how are they formed in cells? Discuss the concept of molecular diversity in biomolecules. How do enzymes relate to proteins and their functions in cells? What is the importance of functional groups in biomolecules? Can you provide examples of monomers and polymers in biomolecules? How are carbohydrates categorized into simple and complex sugars? What are the essential and non-essential amino acids in protein synthesis? Explain the role of DNA and RNA as nucleic acids in genetic coding. What are the different types of lipids, and how do they differ in structure and function? How are biomolecules involved in metabolic pathways and cellular respiration? What is the impact of nutrition on biomolecule intake and health?","Biomolecules are complex organic molecules found in all living organisms. These include carbohydrates, proteins, lipids, and nucleic acids. They are essential for life because they perform crucial functions in cells and organisms. Carbohydrates, such as glucose, provide energy for cellular processes. Proteins are the building blocks of structures and enzymes that catalyze chemical reactions. Lipids serve as energy storage and form cell membranes. Nucleic acids like DNA and RNA store and transmit genetic information. These biomolecules are the foundation of life, as they enable growth, reproduction, metabolism, and the overall functioning of living systems, making them indispensable for the existence and survival of all organisms."
12,"What is the significance of biodiversity conservation for the planet? Why is biodiversity important for the health of the Earth's ecosystems? Explain the concept of species diversity and its role in ecosystem stability. How does genetic diversity contribute to adaptation and resilience in ecosystems? Discuss the economic value of biodiversity in industries like agriculture and medicine. What are the threats to biodiversity, and how do they impact ecosystems? What is habitat destruction, and how does it affect species survival? Explain the consequences of invasive species on native biodiversity. How does pollution, including air and water pollution, harm biodiversity? Discuss the role of overexploitation and poaching in endangering species. What are the implications of climate change on global biodiversity patterns? How do conservation efforts and protected areas promote biodiversity conservation? What is the role of ecological restoration in recovering damaged ecosystems? Explain the concept of ecosystem services and their connection to biodiversity. Discuss the ethical considerations of biodiversity conservation and ecosystem stewardship. What is the impact of biodiversity loss on indigenous and local communities? How can international agreements and treaties support global biodiversity conservation? What are some success stories in biodiversity conservation and species recovery? What actions can individuals and communities take to conserve biodiversity?","The significance of biodiversity conservation for the planet cannot be overstated. Biodiversity, the rich variety of life on Earth, encompasses all living organisms, ecosystems, and genetic diversity. It plays a fundamental role in maintaining the balance of our planet's ecosystems and is crucial for the health and resilience of the environment. Biodiversity supports essential ecosystem services such as pollination, nutrient cycling, and water purification, which are vital for agriculture, human well-being, and the economy. Furthermore, biodiversity holds untapped potential for scientific and medical discoveries, making it critical for future advancements. Conservation efforts help safeguard these benefits, ensuring a sustainable and harmonious coexistence between humans and the natural world while preventing species extinction and ecological imbalances."
13,"What is the role of microorganisms in nutrient cycling in ecosystems? How do microorganisms contribute to nutrient cycling in nature? Explain the processes of decomposition and mineralization by microbes. What are saprophytic microorganisms, and how do they break down organic matter? Discuss the role of nitrogen-fixing bacteria in the nitrogen cycle. How do nitrifying bacteria convert ammonia into nitrates and nitrites? What is denitrification, and which microorganisms are involved in it? Explain the carbon cycle and the role of microorganisms in carbon decomposition. What are methanogenic archaea, and how do they produce methane gas? Discuss the importance of microbial communities in soil fertility. How do microorganisms influence nutrient availability for plant growth? What is mycorrhizal symbiosis, and how does it benefit plants and fungi? Explain the role of microorganisms in phosphorus and sulfur cycles. How do human activities impact microbial nutrient cycling in ecosystems? What is bioremediation, and how do microorganisms help clean up pollutants? Discuss the role of microbial mats in nutrient cycling in aquatic environments. What are some examples of extremophiles and their contributions to ecosystems? What is the role of microorganisms in wastewater treatment and sewage processing? How do microbial communities adapt to changing environmental conditions? What is the potential for microbial-based technologies in sustainable agriculture?","Microorganisms play a pivotal role in nutrient cycling within ecosystems. They are nature's recyclers, breaking down organic matter such as dead plants and animals, returning essential elements like carbon, nitrogen, and phosphorus back into the ecosystem. Bacteria and fungi, in particular, are responsible for decomposition, converting complex organic molecules into simpler forms that can be readily absorbed by plants and other organisms. In doing so, microorganisms facilitate the replenishment of soil nutrients, promoting plant growth and sustaining the overall health and balance of ecosystems. This intricate web of nutrient cycling, driven by microorganisms, ensures the sustainability and productivity of natural habitats, making them essential components of Earth's ecosystems."
14,"How do plants adapt to different environmental conditions? What are plant adaptations, and why are they essential for survival? Discuss the role of natural selection in shaping plant adaptations. How do desert plants adapt to conserve water in arid environments? What are the adaptations of aquatic plants for life in waterlogged conditions? How do alpine plants adapt to extreme cold and high-altitude environments? Discuss the mechanisms of xerophytic adaptations in plants. Explain the strategies of CAM and C4 photosynthesis in water-saving plants. What are the adaptations of plants in nutrient-poor soils? How do plants defend against herbivores and pathogens through chemical adaptations? Discuss the role of mutualistic relationships in plant adaptations. Explain the phenomenon of photoperiodism in plant responses to seasonal changes. What are the adaptations of epiphytic plants that grow on other surfaces? Discuss the importance of seed dispersal mechanisms in plant survival. How do plants adapt to fire-prone ecosystems, and why is fire adaptation important? What are the adaptations of pioneer plants in disturbed habitats? Explain the role of root adaptations in nutrient acquisition and anchoring. Discuss the impact of climate change on plant adaptations and distribution. How do human activities influence plant adaptations and biodiversity? What is the significance of studying plant adaptations in conservation and agriculture?","Plants exhibit a remarkable capacity for adaptation to diverse environmental conditions. They employ various strategies to thrive in challenging ecosystems. In arid regions, xerophytic plants conserve water through reduced leaf surfaces and specialized structures like succulent tissues. Aquatic plants, on the other hand, have adapted by developing buoyant structures and efficient oxygen transport mechanisms. Alpine plants withstand cold and high-altitude conditions through compact growth forms and protective trichomes. In nutrient-poor soils, some plants form mycorrhizal associations to enhance nutrient absorption. Additionally, plants deploy chemical defenses to deter herbivores and form mutualistic relationships for pollination and seed dispersal. These adaptive mechanisms enable plants to survive and reproduce successfully in their respective environments."
15,"What are the effects of climate change on biodiversity and ecosystems? How does climate change impact the distribution of species and habitats? Discuss the consequences of rising temperatures on ecosystems. What are the effects of changing precipitation patterns on ecosystems? How does ocean acidification affect marine biodiversity and food chains? Explain the concept of phenological shifts in response to climate change. What is the role of greenhouse gases in driving climate change? Discuss the consequences of melting polar ice caps on ecosystems. How do extreme weather events influence ecosystems and biodiversity? Explain the relationship between climate change and species extinction. What is the potential for invasive species to thrive in a warming world? How does climate change impact migratory patterns of animals? Discuss the role of conservation efforts in mitigating climate change effects. What are some examples of climate change adaptation strategies in ecosystems? Explain the feedback loops that can exacerbate climate change impacts. How do indigenous and local communities experience climate change effects? What is the responsibility of global governments in addressing climate change? What can individuals and communities do to reduce their ecological footprint? What are the ethical considerations of climate change on vulnerable populations?","Climate change has profound and detrimental effects on biodiversity and ecosystems. Rising global temperatures, altered precipitation patterns, and extreme weather events disrupt ecosystems, leading to habitat loss and fragmentation. Species are challenged to adapt, resulting in shifts in distribution and, in some cases, extinction. Ocean acidification threatens marine ecosystems, impacting coral reefs and fisheries. Changes in temperature can disrupt pollination and migration patterns. Overall, climate change exacerbates existing threats to biodiversity, such as habitat destruction and pollution, and poses a grave risk to ecosystems' stability and the services they provide to humanity, including food and clean water. Mitigating climate change is crucial for safeguarding biodiversity and ecosystem health."
16,"Explain the concept of ecological succession in ecosystems. What is ecological succession, and how does it shape ecosystems? Discuss the primary stages of ecological succession. How do pioneer species initiate the process of primary succession? What is the role of lichens and mosses in early succession on barren land? Explain the differences between primary and secondary succession. What happens during secondary succession after a disturbance like a fire? Describe the climax community and its stability in an ecosystem. How does facilitation among species contribute to succession? What are the key factors that drive the rate of succession? Discuss the impact of human activities on natural ecological succession. What are the potential consequences of disrupted or halted succession? Explain the relationship between biodiversity and succession. How does succession differ in aquatic ecosystems compared to terrestrial ecosystems? What are the applications of understanding ecological succession in conservation? What role does competition play in shaping the course of succession? How do invasive species disrupt natural ecological succession? Can ecological succession be reversed, and if so, under what circumstances? What are some real-world examples of ecological succession?","Ecological succession is a natural process in ecosystems where the composition and structure of biological communities change over time. It typically begins with pioneer species colonizing a barren or disturbed environment, gradually altering the conditions. As these pioneers thrive and modify their surroundings, they create opportunities for other species to establish themselves. This sequence continues, with each community influencing the next until a stable, mature community, known as the climax community, is reached. Succession can occur after events like fires or volcanic eruptions, and it plays a crucial role in ecosystem recovery, development, and adaptation to environmental changes, enhancing biodiversity and ecological resilience."
17,"What is the role of chloroplasts in plant cells? What are chloroplasts, and why are they important for plant survival? Explain the structure and function of chloroplasts in photosynthesis. How do chloroplasts capture and convert light energy into chemical energy? What is the relationship between chloroplasts and chlorophyll? Discuss the different parts of a chloroplast and their functions. How do chloroplasts move within plant cells to optimize light exposure? What happens to chloroplasts during the changing seasons? Can you compare and contrast chloroplasts with mitochondria? Explain the role of stroma and thylakoid membranes in chloroplast function. How are chloroplasts inherited from one generation of plants to the next? What is the significance of chloroplasts in producing oxygen during photosynthesis? How do environmental factors impact the number and size of chloroplasts? What happens to chloroplasts in non-photosynthetic tissues of plants? Can chloroplasts be found in other photosynthetic organisms besides plants? How do scientists study chloroplasts to improve crop yields and agriculture? What are the implications of chloroplast research for renewable energy sources? How do herbicides target chloroplasts to control weed growth?","The role of chloroplasts in plant cells is pivotal, as they are the cellular organelles responsible for photosynthesis. Within these chloroplasts, the green pigment chlorophyll captures light energy from the sun and converts it into chemical energy. This energy is then used to convert carbon dioxide and water into glucose and oxygen, a process that serves as the foundation for plant growth and sustenance. In essence, chloroplasts are the 'solar power plants' of plant cells, facilitating the production of carbohydrates and other essential organic compounds while releasing oxygen into the atmosphere, making them indispensable for the survival and prosperity of plants and, by extension, many ecosystems on Earth."
18,"What are the major types of biomolecules, and what functions do they serve in living organisms? Can you explain the role of biomolecules in living systems, and what are the primary types of biomolecules? What is the significance of biomolecules in the functioning of cells and organisms? How do biomolecules contribute to the diversity of life on Earth? Can you describe the primary functions of carbohydrates, proteins, lipids, and nucleic acids in living organisms? What are the roles of biomolecules in metabolic pathways and energy production? How do biomolecules such as enzymes contribute to biochemical reactions in cells? What are the functions of vitamins and minerals, and how do they relate to biomolecules? Can you explain the importance of water as a biomolecule in living organisms? How do enzymes, a type of biomolecule, relate to the functioning of cells and organisms? What is the role of functional groups in biomolecules, and how do they influence chemical properties? Can you provide examples of monomers and polymers in biomolecules, and how are they related? How do carbohydrates function as a source of energy in living organisms? What are the structural roles of proteins in cells and tissues, and can you provide examples? How do nucleic acids, specifically DNA and RNA, store and transmit genetic information? What are the different types of lipids, and how do they differ in structure and function? How are biomolecules involved in metabolic pathways and cellular respiration? What is the impact of nutrition on biomolecule intake and overall health? Can you discuss the role of enzymes in digestion and nutrient absorption? How do biomolecules contribute to the growth, development, and overall functioning of living organisms?","Biomolecules are complex organic molecules found in all living organisms. These include carbohydrates, proteins, lipids, and nucleic acids. They are essential for life because they perform crucial functions in cells and organisms. Carbohydrates, such as glucose, provide energy for cellular processes. Proteins are the building blocks of structures and enzymes that catalyze chemical reactions. Lipids serve as energy storage and form cell membranes. Nucleic acids like DNA and RNA store and transmit genetic information. These biomolecules are the foundation of life, as they enable growth, reproduction, metabolism, and the overall functioning of living systems, making them indispensable for the existence and survival of all organisms."
19,"Why should I drink water? Why is water important for human health? What are the vital functions of water in the human body? How does water contribute to overall hydration? Can you explain the role of water in regulating body temperature? What happens when humans become dehydrated? How does water aid in digestion and nutrient absorption? What is the importance of water for maintaining healthy skin? How does water support the function of joints and lubrication? What role does water play in removing waste and toxins from the body? Why is staying adequately hydrated crucial for cognitive function? How does water help in transporting nutrients and oxygen in the bloodstream? What is the relationship between water and maintaining electrolyte balance? How does water contribute to healthy kidney function? What happens to the body when it lacks sufficient water intake? Why is water essential for muscle function and preventing cramps? Can you explain the role of water in maintaining healthy blood pressure? What are the benefits of drinking water for weight management? How does water support the respiratory system and lung health? What is the impact of dehydration on overall physical performance? How does water promote proper circulation and cardiovascular health?","Water is vital for human health due to its multifaceted roles in our bodies. It serves as a fundamental component of cells, aiding in various biochemical reactions. It regulates body temperature through perspiration and helps transport nutrients and oxygen to cells while removing waste products. Water lubricates joints, cushions organs, and maintains bodily functions, including digestion and circulation. Adequate hydration supports cognitive function and concentration. Moreover, it plays a crucial role in flushing toxins from the body through urine. Without sufficient water intake, dehydration can occur, leading to adverse health effects such as fatigue, kidney stones, and impaired physical and mental performance. Therefore, maintaining proper hydration is essential for overall well-being."
20,"Why is oxygen important for human survival? What role does oxygen play in the human body? How does oxygen contribute to energy production in humans? Why do human cells require oxygen to function? What happens if humans don't get enough oxygen? Can you explain the relationship between oxygen and cellular respiration in humans? How does the human body obtain and transport oxygen to cells? What are the consequences of oxygen deprivation in the human body? What physiological processes rely on oxygen in humans? Why is oxygen considered a life-sustaining gas for humans? How does oxygen support the metabolism of nutrients in the human body? What happens at the cellular level when oxygen levels are insufficient in humans? Can you describe the respiratory system's role in delivering oxygen to human tissues? What are the signs and symptoms of oxygen deficiency in humans? How does oxygen influence human brain function and cognitive abilities? What are the effects of prolonged oxygen deprivation on human health? How do various environmental factors affect oxygen availability for humans? What are the medical interventions to address oxygen deficiency in humans? How does the human body adapt to low-oxygen environments? What is the role of oxygen therapy in medical treatment for human patients?","Oxygen is crucial for human survival because it serves as the key element required for cellular respiration, the process through which our cells generate energy. In cellular respiration, oxygen acts as the final electron acceptor, enabling the breakdown of glucose and other nutrients to produce adenosine triphosphate (ATP), the primary energy currency of our cells. Without an adequate oxygen supply, cells cannot efficiently produce ATP, leading to energy depletion and, ultimately, cell dysfunction or death. This vital energy production process powers essential bodily functions, including muscle contraction, brain activity, and organ function. Therefore, oxygen is indispensable for sustaining human life and overall well-being."